Timestamp,Relative Time (s),pH Value,pH Temperature (C),Conductivity Value,Conductivity Temperature (C)
2024-10-31 11:00:26,1.95852,6.931,19.4,0.00,19.4
2024-10-31 11:00:36,11.97383,6.930,19.4,0.00,19.4
2024-10-31 11:00:46,21.98076,6.931,19.4,0.00,19.4
2024-10-31 11:00:56,32.26682,6.930,19.4,0.00,19.4
2024-10-31 11:01:06,42.04281,6.928,19.4,0.00,19.4
2024-10-31 11:01:16,51.99957,6.927,19.4,0.00,19.4
2024-10-31 11:01:26,62.00682,6.926,19.4,0.00,19.4
2024-10-31 11:01:36,72.01373,6.925,19.4,0.00,19.4
2024-10-31 11:01:46,82.01606,6.940,19.4,0.00,19.4
2024-10-31 11:01:56,92.02373,6.951,19.4,0.00,19.4
2024-10-31 11:02:06,102.03155,6.953,19.4,0.00,19.4
2024-10-31 11:02:16,112.03656,6.954,19.4,0.00,19.4
2024-10-31 11:02:26,122.03375,6.958,19.4,0.00,19.4
2024-10-31 11:02:36,132.05667,6.959,19.4,0.00,19.4
2024-10-31 11:02:46,142.06183,6.960,19.4,0.00,19.4
2024-10-31 11:02:56,152.07835,6.964,19.4,0.00,19.4
2024-10-31 11:03:05,160.96318,6.964,19.4,0.00,19.4
2024-10-31 11:03:16,172.09511,6.961,19.4,0.00,19.4
2024-10-31 11:03:26,182.10003,6.961,19.4,0.00,19.4
2024-10-31 11:03:36,192.11654,6.962,19.4,0.00,19.4
2024-10-31 11:03:46,202.11251,6.961,19.5,0.00,19.5
2024-10-31 11:03:56,212.12651,6.961,19.5,0.00,19.5
2024-10-31 11:04:06,222.14302,6.961,19.5,0.00,19.5
2024-10-31 11:04:16,232.13628,6.961,19.4,0.00,19.4
2024-10-31 11:04:26,242.14946,6.960,19.5,0.00,19.5
2024-10-31 11:04:36,252.16719,6.959,19.5,0.00,19.5
2024-10-31 11:04:46,262.17411,6.959,19.5,0.00,19.5
2024-10-31 11:04:56,272.16662,6.959,19.5,0.00,19.5
2024-10-31 11:05:06,282.18537,6.958,19.5,0.00,19.5
2024-10-31 11:05:15,291.08147,6.957,19.5,0.00,19.5
2024-10-31 11:05:26,302.22614,6.957,19.5,0.00,19.5
2024-10-31 11:05:36,312.23499,6.956,19.5,0.00,19.5
2024-10-31 11:05:46,322.22686,6.956,19.4,0.00,19.4
2024-10-31 11:05:56,332.22566,6.954,19.4,0.00,19.4
2024-10-31 11:06:06,342.26292,6.954,19.4,0.00,19.4
2024-10-31 11:06:16,352.25719,6.952,19.4,0.00,19.4
2024-10-31 11:06:26,362.27334,6.952,19.4,0.00,19.4
2024-10-31 11:06:36,372.28092,6.951,19.4,0.00,19.4
2024-10-31 11:06:46,382.62752,6.950,19.4,0.00,19.4
2024-10-31 11:06:56,392.33189,6.950,19.4,0.00,19.4
2024-10-31 11:07:06,402.31728,6.948,19.4,0.00,19.4
2024-10-31 11:07:16,412.31972,6.950,19.4,0.00,19.4
2024-10-31 11:07:26,422.32332,6.954,19.4,0.00,19.4
2024-10-31 11:07:35,431.21996,6.956,19.4,0.00,19.4
2024-10-31 11:07:46,442.34683,6.956,19.4,0.00,19.4
2024-10-31 11:07:56,452.36077,6.956,19.4,0.00,19.4
2024-10-31 11:08:06,462.47574,6.956,19.4,0.00,19.4
2024-10-31 11:08:16,472.37026,6.956,19.4,0.00,19.4
2024-10-31 11:08:26,482.38631,6.954,19.4,0.00,19.4
2024-10-31 11:08:36,492.39646,6.954,19.4,0.00,19.4
2024-10-31 11:08:56,512.40299,6.953,19.4,0.00,19.4
2024-10-31 11:09:06,522.41495,6.952,19.4,0.00,19.4
2024-10-31 11:09:16,532.41529,6.951,19.4,0.00,19.4
2024-10-31 11:09:26,542.42877,6.950,19.4,0.00,19.4
2024-10-31 11:09:35,551.32873,6.950,19.4,0.00,19.4
2024-10-31 11:09:46,562.4483,6.949,19.4,0.00,19.4
2024-10-31 11:09:56,572.45717,6.948,19.4,0.00,19.4
2024-10-31 11:10:06,582.47823,6.948,19.4,0.00,19.4
2024-10-31 11:10:16,592.66775,6.946,19.4,0.00,19.4
2024-10-31 11:10:26,602.47955,6.946,19.4,0.00,19.4
2024-10-31 11:10:36,612.49928,6.945,19.4,0.00,19.4
2024-10-31 11:10:46,622.51483,6.944,19.4,0.00,19.4
2024-10-31 11:10:56,632.51476,6.946,19.5,0.00,19.5
2024-10-31 11:11:06,642.53219,6.947,19.5,0.00,19.5
2024-10-31 11:11:16,652.54378,6.981,19.5,0.00,19.5
2024-10-31 11:11:26,662.54022,6.977,19.5,0.00,19.5
2024-10-31 11:11:36,672.55272,6.965,19.5,0.00,19.5
2024-10-31 11:11:46,682.54694,6.958,19.5,0.00,19.5
2024-10-31 11:12:06,702.56267,6.954,19.4,0.00,19.4
2024-10-31 11:12:16,712.56796,6.954,19.4,0.00,19.4
2024-10-31 11:12:26,722.56939,6.955,19.4,0.00,19.4
2024-10-31 11:12:36,732.57362,6.955,19.4,0.00,19.4
2024-10-31 11:12:46,742.57283,6.951,19.4,0.00,19.4
2024-10-31 11:12:56,752.59558,6.952,19.4,0.00,19.4
2024-10-31 11:13:06,762.59523,6.950,19.4,0.00,19.4
2024-10-31 11:13:16,772.60756,6.950,19.4,0.00,19.4
2024-10-31 11:13:26,782.61569,6.949,19.4,0.00,19.4
2024-10-31 11:13:36,792.62152,6.948,19.4,0.00,19.4
2024-10-31 11:13:46,802.62455,6.948,19.4,0.00,19.4
2024-10-31 11:13:56,812.62451,6.948,19.4,0.00,19.4
2024-10-31 11:14:05,821.52133,6.946,19.4,0.00,19.4
2024-10-31 11:14:16,832.65143,6.945,19.4,0.00,19.4
2024-10-31 11:14:26,842.63768,6.944,19.4,0.00,19.4
2024-10-31 11:14:36,852.66254,6.944,19.4,0.00,19.4
2024-10-31 11:14:46,862.68239,6.950,19.4,0.00,19.4
2024-10-31 11:14:56,872.69538,6.960,19.4,0.00,19.4
2024-10-31 11:15:06,882.69434,6.960,19.4,0.00,19.4
2024-10-31 11:15:16,892.70879,6.959,19.4,0.00,19.4
2024-10-31 11:15:26,902.70869,6.959,19.4,0.00,19.4
2024-10-31 11:15:36,912.72229,6.957,19.4,0.00,19.4
2024-10-31 11:15:46,922.7333,6.957,19.4,0.00,19.4
2024-10-31 11:15:56,932.75416,6.957,19.4,0.00,19.4
2024-10-31 11:16:06,942.75748,6.957,19.4,0.00,19.4
2024-10-31 11:16:16,952.76322,6.957,19.4,0.00,19.4
2024-10-31 11:16:26,962.76649,6.956,19.4,0.00,19.4
2024-10-31 11:16:36,972.76378,6.956,19.4,0.00,19.4
2024-10-31 11:16:46,982.7797,6.956,19.4,0.00,19.4
2024-10-31 11:16:56,992.78744,6.954,19.4,0.00,19.4
2024-10-31 11:17:06,1002.79978,6.954,19.4,0.00,19.4
2024-10-31 11:17:16,1012.80867,6.954,19.4,0.00,19.4
2024-10-31 11:17:26,1022.82113,6.952,19.4,0.00,19.4
2024-10-31 11:17:36,1032.8224,6.952,19.4,0.00,19.4
2024-10-31 11:17:46,1042.84011,6.952,19.4,0.00,19.4
2024-10-31 11:17:56,1052.83938,6.963,19.4,0.00,19.4
2024-10-31 11:18:06,1062.85105,6.965,19.4,0.00,19.4
2024-10-31 11:18:16,1072.84958,6.967,19.4,0.00,19.4
2024-10-31 11:18:26,1082.87303,6.967,19.4,0.00,19.4
2024-10-31 11:18:36,1092.88256,6.967,19.4,0.00,19.4
2024-10-31 11:18:46,1102.89201,6.967,19.4,0.00,19.4
2024-10-31 11:18:57,1113.10947,6.967,19.4,0.00,19.4
2024-10-31 11:19:06,1122.9085,6.968,19.4,0.00,19.4
2024-10-31 11:19:17,1132.92597,6.967,19.4,0.00,19.4
2024-10-31 11:19:27,1142.93622,6.967,19.4,0.00,19.4
2024-10-31 11:19:37,1152.94296,6.965,19.4,0.00,19.4
2024-10-31 11:19:47,1162.9472,6.965,19.4,0.00,19.4
2024-10-31 11:19:57,1172.96921,6.965,19.4,0.00,19.4
2024-10-31 11:20:07,1182.97302,6.964,19.4,0.00,19.4
2024-10-31 11:20:17,1192.98204,6.963,19.4,0.00,19.4
2024-10-31 11:20:27,1202.99823,6.963,19.4,0.00,19.4
2024-10-31 11:20:35,1211.87381,6.963,19.4,0.00,19.4
2024-10-31 11:20:47,1223.01706,6.962,19.4,0.00,19.4
2024-10-31 11:20:57,1233.0161,6.972,19.4,0.00,19.4
2024-10-31 11:21:07,1243.10898,6.975,19.4,0.00,19.4
2024-10-31 11:21:17,1253.02433,6.977,19.4,0.00,19.4
2024-10-31 11:21:27,1263.01608,6.978,19.4,0.00,19.4
2024-10-31 11:21:37,1273.02827,6.978,19.4,0.00,19.4
2024-10-31 11:21:47,1283.36375,6.978,19.4,0.00,19.4
2024-10-31 11:21:57,1293.0641,6.978,19.4,0.00,19.4
2024-10-31 11:22:07,1303.06478,6.978,19.4,0.00,19.4
2024-10-31 11:22:17,1313.0627,6.978,19.4,0.00,19.4
2024-10-31 11:22:27,1323.08076,6.976,19.4,0.00,19.4
2024-10-31 11:22:37,1333.09166,6.976,19.4,0.00,19.4
2024-10-31 11:22:47,1343.10832,6.976,19.4,0.00,19.4
2024-10-31 11:22:57,1353.11924,6.976,19.4,0.00,19.4
2024-10-31 11:23:07,1363.11469,6.976,19.4,0.00,19.4
2024-10-31 11:23:17,1373.11417,6.976,19.4,0.00,19.4
2024-10-31 11:23:27,1383.14589,6.975,19.4,0.00,19.4
2024-10-31 11:23:37,1393.15688,6.974,19.4,0.00,19.4
2024-10-31 11:23:47,1403.15559,6.974,19.4,0.00,19.4
2024-10-31 11:23:57,1413.17256,6.987,19.4,0.00,19.4
2024-10-31 11:24:06,1422.06013,6.991,19.4,0.00,19.4
2024-10-31 11:24:17,1433.19152,6.991,19.4,0.00,19.4
2024-10-31 11:24:27,1443.19018,6.991,19.4,0.00,19.4
2024-10-31 11:24:37,1453.2858,6.991,19.4,0.00,19.4
2024-10-31 11:24:47,1463.21366,6.991,19.4,0.00,19.4
2024-10-31 11:24:57,1473.22885,6.991,19.4,0.00,19.4
2024-10-31 11:25:07,1483.23513,6.991,19.4,0.00,19.4
2024-10-31 11:25:17,1493.24176,6.990,19.4,0.00,19.4
2024-10-31 11:25:27,1503.25438,6.989,19.4,0.00,19.4
2024-10-31 11:25:37,1513.26569,6.989,19.4,0.00,19.4
2024-10-31 11:25:47,1523.27674,6.989,19.4,0.00,19.4
2024-10-31 11:25:57,1533.2692,6.989,19.4,0.00,19.4
2024-10-31 11:26:06,1542.17037,6.987,19.4,0.00,19.4
2024-10-31 11:26:17,1553.30036,6.987,19.4,0.00,19.4
2024-10-31 11:26:27,1563.33846,6.987,19.4,0.00,19.4
2024-10-31 11:26:37,1573.31149,6.987,19.4,0.00,19.4
2024-10-31 11:26:47,1583.31662,8.386,19.4,0.00,19.4
2024-10-31 11:26:57,1593.33658,7.607,19.4,0.00,19.4
2024-10-31 11:27:07,1603.34039,7.474,19.4,0.00,19.4
2024-10-31 11:27:27,1623.35784,7.327,19.4,0.00,19.4
2024-10-31 11:27:36,1632.25027,7.289,19.4,0.00,19.4
2024-10-31 11:27:57,1653.3933,7.235,19.4,0.00,19.4
2024-10-31 11:28:07,1663.39547,7.218,19.4,0.00,19.4
2024-10-31 11:28:17,1673.40218,7.205,19.4,0.00,19.4
2024-10-31 11:28:27,1683.41026,7.193,19.4,0.00,19.4
2024-10-31 11:28:37,1693.41771,7.183,19.4,0.00,19.4
2024-10-31 11:28:47,1703.41744,7.175,19.4,0.00,19.4
2024-10-31 11:28:57,1713.4392,7.167,19.4,0.00,19.4
2024-10-31 11:29:07,1723.4479,7.160,19.4,0.00,19.4
2024-10-31 11:29:17,1733.46355,7.154,19.4,0.00,19.4
2024-10-31 11:29:27,1743.47307,7.148,19.4,0.00,19.4
2024-10-31 11:29:37,1753.57122,7.144,19.4,0.00,19.4
2024-10-31 11:29:46,1762.36285,7.149,19.4,0.00,19.4
2024-10-31 11:29:57,1773.48004,7.148,19.4,0.00,19.4
2024-10-31 11:30:07,1783.49633,7.145,19.4,0.00,19.4
2024-10-31 11:30:17,1793.4874,7.141,19.4,0.00,19.4
2024-10-31 11:30:27,1803.52119,7.137,19.4,0.00,19.4
2024-10-31 11:30:37,1813.5153,7.133,19.4,0.00,19.4
2024-10-31 11:30:47,1823.53286,7.129,19.4,0.00,19.4
2024-10-31 11:30:57,1833.55098,7.126,19.4,0.00,19.4
2024-10-31 11:31:07,1843.5412,7.122,19.4,0.00,19.4
2024-10-31 11:31:17,1853.54796,7.119,19.4,0.00,19.4
2024-10-31 11:31:27,1863.55623,7.115,19.4,0.00,19.4
2024-10-31 11:31:37,1873.57089,7.112,19.4,0.00,19.4
2024-10-31 11:31:47,1883.61831,7.110,19.4,0.00,19.4
2024-10-31 11:31:56,1892.47089,7.107,19.4,0.00,19.4
2024-10-31 11:32:17,1913.59751,7.101,19.4,0.00,19.4
2024-10-31 11:32:27,1923.7174,7.099,19.4,0.00,19.4
2024-10-31 11:32:36,1932.5104,7.106,19.4,0.00,19.4
2024-10-31 11:32:47,1943.64507,7.111,19.4,0.00,19.4
2024-10-31 11:32:57,1953.62841,7.110,19.4,0.00,19.4
2024-10-31 11:33:07,1963.64581,7.109,19.4,0.00,19.4
2024-10-31 11:33:17,1973.65476,7.107,19.4,0.00,19.4
2024-10-31 11:33:27,1983.64974,7.103,19.4,0.00,19.4
2024-10-31 11:33:37,1993.64992,7.101,19.4,0.00,19.4
2024-10-31 11:33:47,2003.67686,7.098,19.4,0.00,19.4
2024-10-31 11:33:57,2013.67769,7.097,19.4,0.00,19.4
2024-10-31 11:34:07,2023.69146,7.095,19.4,0.00,19.4
2024-10-31 11:34:17,2033.70919,7.093,19.4,0.00,19.4
2024-10-31 11:34:27,2043.70868,7.091,19.4,0.00,19.4
2024-10-31 11:34:37,2053.71066,7.089,19.4,0.00,19.4
2024-10-31 11:34:47,2063.91689,7.088,19.4,0.00,19.4
2024-10-31 11:34:57,2073.736,7.086,19.4,0.00,19.4
2024-10-31 11:35:07,2083.73592,7.085,19.4,0.00,19.4
2024-10-31 11:35:17,2093.73536,7.083,19.4,0.00,19.4
2024-10-31 11:35:27,2103.75404,7.087,19.4,0.00,19.4
2024-10-31 11:35:37,2113.75139,7.096,19.4,0.00,19.4
2024-10-31 11:35:47,2123.76071,7.096,19.4,0.00,19.4
2024-10-31 11:36:07,2143.78961,7.094,19.5,0.00,19.5
2024-10-31 11:36:16,2152.66954,7.094,19.5,0.00,19.5
2024-10-31 11:36:37,2173.8884,7.091,19.5,0.00,19.5
2024-10-31 11:36:47,2183.81743,7.090,19.5,0.00,19.5
2024-10-31 11:36:57,2193.82333,7.089,19.5,0.00,19.5
2024-10-31 11:37:07,2203.8321,7.088,19.5,0.00,19.5
2024-10-31 11:37:17,2213.85052,7.087,19.5,0.00,19.5
2024-10-31 11:37:27,2223.85243,7.087,19.5,0.00,19.5
2024-10-31 11:37:37,2233.85346,7.085,19.5,0.00,19.5
2024-10-31 11:37:47,2243.862,7.084,19.5,0.00,19.5
2024-10-31 11:37:57,2253.85818,7.083,19.5,0.00,19.5
2024-10-31 11:38:07,2263.86798,7.082,19.5,0.00,19.5
2024-10-31 11:38:17,2273.86567,7.082,19.5,0.00,19.5
2024-10-31 11:38:28,2284.20838,7.090,19.5,0.00,19.5
2024-10-31 11:38:37,2293.8879,7.095,19.5,0.00,19.5
2024-10-31 11:38:47,2303.8903,7.096,19.5,0.00,19.5
2024-10-31 11:38:57,2313.91332,7.096,19.5,0.00,19.5
2024-10-31 11:39:07,2323.91916,7.096,19.5,0.00,19.5
2024-10-31 11:39:17,2333.9124,7.096,19.4,0.00,19.4
2024-10-31 11:39:28,2343.93436,7.096,19.4,0.00,19.4
2024-10-31 11:39:38,2353.97945,7.094,19.4,0.00,19.4
2024-10-31 11:39:48,2363.94858,7.096,19.4,0.00,19.4
2024-10-31 11:39:58,2373.97745,7.098,19.4,0.00,19.4
2024-10-31 11:40:08,2383.98184,7.095,19.4,0.00,19.4
2024-10-31 11:40:18,2393.97879,7.093,19.4,0.00,19.4
2024-10-31 11:40:28,2403.99623,7.092,19.4,0.00,19.4
2024-10-31 11:40:36,2412.88495,7.090,19.4,0.00,19.4
2024-10-31 11:40:48,2423.99273,7.090,19.4,0.00,19.4
2024-10-31 11:40:58,2434.02256,7.090,19.4,0.00,19.4
2024-10-31 11:41:08,2444.02767,7.089,19.4,0.00,19.4
2024-10-31 11:41:18,2454.0215,7.114,19.4,0.00,19.4
2024-10-31 11:41:28,2464.046,7.112,19.4,0.00,19.4
2024-10-31 11:41:38,2474.05136,7.111,19.4,0.00,19.4
2024-10-31 11:41:48,2484.04931,7.109,19.4,0.00,19.4
2024-10-31 11:41:58,2494.05823,7.108,19.4,0.00,19.4
2024-10-31 11:42:08,2504.06777,7.107,19.4,0.00,19.4
2024-10-31 11:42:18,2514.05415,7.107,19.4,0.00,19.4
2024-10-31 11:42:28,2524.0869,7.105,19.4,0.00,19.4
2024-10-31 11:42:38,2534.09805,7.105,19.4,0.00,19.4
2024-10-31 11:42:48,2544.09997,7.104,19.4,0.00,19.4
2024-10-31 11:42:58,2554.24414,7.103,19.4,0.00,19.4
2024-10-31 11:43:07,2563.00648,7.103,19.4,0.00,19.4
2024-10-31 11:43:18,2574.13154,7.103,19.4,0.00,19.4
2024-10-31 11:43:38,2594.14975,7.101,19.4,0.00,19.4
2024-10-31 11:43:48,2604.13442,7.101,19.4,0.00,19.4
2024-10-31 11:44:08,2624.2496,7.104,19.4,0.00,19.4
2024-10-31 11:44:18,2634.17455,7.118,19.4,0.00,19.4
2024-10-31 11:44:28,2644.18843,7.120,19.4,0.00,19.4
2024-10-31 11:44:37,2653.07496,7.120,19.4,0.00,19.4
2024-10-31 11:44:48,2664.21936,7.120,19.4,0.00,19.4
2024-10-31 11:44:58,2674.20928,7.120,19.4,0.00,19.4
2024-10-31 11:45:08,2684.35378,7.127,19.4,0.00,19.4
2024-10-31 11:45:18,2694.22429,7.127,19.4,0.00,19.4
2024-10-31 11:45:28,2704.23513,7.127,19.4,0.00,19.4
2024-10-31 11:45:38,2714.24715,7.126,19.4,0.00,19.4
2024-10-31 11:45:48,2724.25172,7.128,19.4,0.00,19.4
2024-10-31 11:45:58,2734.24096,7.129,19.4,0.00,19.4
2024-10-31 11:46:08,2744.25449,7.131,19.4,0.00,19.4
2024-10-31 11:46:18,2754.25087,7.131,19.5,0.00,19.5
2024-10-31 11:46:38,2774.28038,7.131,19.5,0.00,19.5
2024-10-31 11:46:48,2784.28873,7.129,19.5,0.00,19.5
2024-10-31 11:47:08,2804.38081,7.129,19.4,0.00,19.4
2024-10-31 11:47:18,2814.31181,7.129,19.4,0.00,19.4
2024-10-31 11:47:28,2824.50189,7.129,19.4,0.00,19.4
2024-10-31 11:47:38,2834.33952,7.127,19.4,0.00,19.4
2024-10-31 11:47:48,2844.33254,7.144,19.4,0.00,19.4
2024-10-31 11:47:58,2854.43671,7.218,19.4,0.00,19.4
2024-10-31 11:48:08,2864.34258,7.204,19.5,0.00,19.5
2024-10-31 11:48:18,2874.35155,7.184,19.5,0.00,19.5
2024-10-31 11:48:28,2884.35895,7.171,19.5,0.00,19.5
2024-10-31 11:48:38,2894.36513,7.165,19.5,0.00,19.5
2024-10-31 11:48:48,2904.37634,7.161,19.5,0.00,19.5
2024-10-31 11:48:58,2914.39131,7.159,19.5,0.00,19.5
2024-10-31 11:49:08,2924.40294,7.157,19.5,0.00,19.5
2024-10-31 11:49:18,2934.39897,7.155,19.5,0.00,19.5
2024-10-31 11:49:28,2944.4159,7.154,19.5,0.00,19.5
2024-10-31 11:49:37,2953.29698,7.153,19.5,0.00,19.5
2024-10-31 11:49:48,2964.4179,7.152,19.5,0.00,19.5
2024-10-31 11:49:58,2974.42575,7.151,19.5,0.00,19.5
2024-10-31 11:50:08,2984.43678,7.151,19.5,0.00,19.5
2024-10-31 11:50:18,2994.42979,7.150,19.5,0.00,19.5
2024-10-31 11:50:28,3004.45556,7.149,19.5,0.00,19.5
2024-10-31 11:50:38,3014.45944,7.151,19.5,0.00,19.5
2024-10-31 11:50:48,3024.45952,7.161,19.5,0.00,19.5
2024-10-31 11:50:58,3034.46916,7.164,19.5,0.00,19.5
2024-10-31 11:51:08,3044.47073,7.164,19.5,0.00,19.5
2024-10-31 11:51:28,3064.54064,7.166,19.4,0.00,19.4
2024-10-31 11:51:38,3074.4953,7.166,19.4,0.00,19.4
2024-10-31 11:51:48,3084.5028,7.166,19.4,0.00,19.4
2024-10-31 11:51:58,3094.51105,7.166,19.4,0.00,19.4
2024-10-31 11:52:08,3104.61629,7.166,19.4,0.00,19.4
2024-10-31 11:52:18,3114.81351,7.164,19.4,0.00,19.4
2024-10-31 11:52:28,3124.52618,7.164,19.4,0.00,19.4
2024-10-31 11:52:38,3134.52031,7.164,19.4,0.00,19.4
2024-10-31 11:52:48,3144.53698,7.164,19.4,0.00,19.4
2024-10-31 11:52:58,3154.55591,7.164,19.4,0.00,19.4
2024-10-31 11:53:08,3164.5699,7.162,19.4,0.00,19.4
2024-10-31 11:53:18,3174.56742,7.163,19.4,0.00,19.4
2024-10-31 11:53:28,3184.58115,7.174,19.4,0.00,19.4
2024-10-31 11:53:38,3194.59361,7.186,19.4,0.00,19.4
2024-10-31 11:53:48,3204.60474,7.190,19.4,0.00,19.4
2024-10-31 11:53:57,3213.48317,7.189,19.4,0.00,19.4
2024-10-31 11:54:08,3224.62759,7.187,19.4,0.00,19.4
2024-10-31 11:54:18,3234.62355,7.185,19.4,0.00,19.4
2024-10-31 11:54:28,3244.63848,7.183,19.4,0.00,19.4
2024-10-31 11:54:38,3254.66302,7.182,19.4,0.00,19.4
2024-10-31 11:54:48,3264.65969,7.180,19.4,0.00,19.4
2024-10-31 11:54:58,3274.67438,7.179,19.4,0.00,19.4
2024-10-31 11:55:08,3284.67961,7.177,19.4,0.00,19.4
2024-10-31 11:55:18,3294.69437,7.176,19.4,0.00,19.4
2024-10-31 11:55:28,3304.69303,7.175,19.4,0.00,19.4
2024-10-31 11:55:38,3314.70518,7.173,19.4,0.00,19.4
2024-10-31 11:55:48,3324.70289,7.173,19.4,0.00,19.4
2024-10-31 11:55:59,3335.05252,7.172,19.4,0.00,19.4
2024-10-31 11:56:08,3344.75607,7.172,19.4,0.00,19.4
2024-10-31 11:56:18,3354.73411,7.172,19.4,0.00,19.4
2024-10-31 11:56:28,3364.75163,7.170,19.4,0.00,19.4
2024-10-31 11:56:38,3374.76403,7.170,19.4,0.00,19.4
2024-10-31 11:56:48,3384.76386,7.170,19.4,0.00,19.4
2024-10-31 11:56:58,3394.77908,7.170,19.4,0.00,19.4
2024-10-31 11:57:08,3404.78031,7.170,19.4,0.00,19.4
2024-10-31 11:57:18,3414.79377,7.168,19.4,0.00,19.4
2024-10-31 11:57:28,3424.8167,7.168,19.4,0.00,19.4
2024-10-31 11:57:38,3434.82565,7.168,19.4,0.00,19.4
2024-10-31 11:57:48,3444.82853,7.168,19.4,0.00,19.4
2024-10-31 11:57:58,3454.83654,7.168,19.4,0.00,19.4
2024-10-31 11:58:09,3465.0875,7.169,19.4,0.00,19.4
2024-10-31 11:58:18,3474.86224,7.174,19.4,0.00,19.4
2024-10-31 11:58:28,3484.87473,7.171,19.4,0.00,19.4
2024-10-31 11:58:38,3494.88637,7.170,19.4,0.00,19.4
2024-10-31 11:58:48,3504.87181,7.170,19.4,0.00,19.4
2024-10-31 11:58:58,3514.89641,7.170,19.4,0.00,19.4
2024-10-31 11:59:08,3524.91531,7.170,19.4,0.00,19.4
2024-10-31 11:59:19,3534.96023,7.170,19.4,0.00,19.4
2024-10-31 11:59:29,3544.93842,7.172,19.4,0.00,19.4
2024-10-31 11:59:39,3554.95165,7.172,19.4,0.00,19.4
2024-10-31 11:59:49,3565.08295,7.172,19.4,0.00,19.4
2024-10-31 11:59:59,3574.97605,7.172,19.4,0.00,19.4
2024-10-31 12:00:09,3584.99152,7.172,19.4,0.00,19.4
2024-10-31 12:00:19,3594.99824,7.172,19.4,0.00,19.4
2024-10-31 12:00:29,3605.004,7.173,19.5,0.00,19.5
2024-10-31 12:00:39,3615.02703,7.173,19.5,0.00,19.5
2024-10-31 12:00:49,3625.01897,7.175,19.5,0.00,19.5
2024-10-31 12:00:59,3635.2211,7.175,19.5,0.00,19.5
2024-10-31 12:01:09,3645.03495,7.175,19.5,0.00,19.5
2024-10-31 12:01:19,3655.03919,7.173,19.5,0.00,19.5
2024-10-31 12:01:29,3665.05365,7.173,19.5,0.00,19.5
2024-10-31 12:01:39,3675.06561,7.173,19.5,0.00,19.5
2024-10-31 12:01:49,3685.05657,7.173,19.5,0.00,19.5
2024-10-31 12:01:59,3695.07294,7.173,19.5,0.00,19.5
2024-10-31 12:02:09,3705.0846,7.174,19.5,0.00,19.5
2024-10-31 12:02:19,3715.06873,7.178,19.5,0.00,19.5
2024-10-31 12:02:29,3725.08254,7.179,19.5,0.00,19.5
2024-10-31 12:02:39,3735.08439,7.179,19.5,0.00,19.5
2024-10-31 12:02:59,3755.09757,7.179,19.5,0.00,19.5
2024-10-31 12:03:08,3763.99995,7.180,19.5,0.00,19.5
2024-10-31 12:03:29,3785.14979,7.181,19.5,0.00,19.5
2024-10-31 12:03:39,3795.14961,7.180,19.5,0.00,19.5
2024-10-31 12:03:49,3805.16617,7.181,19.5,0.00,19.5
2024-10-31 12:03:59,3815.16731,7.181,19.5,0.00,19.5
2024-10-31 12:04:09,3825.18739,7.179,19.5,0.00,19.5
2024-10-31 12:04:19,3835.20147,7.179,19.5,0.00,19.5
2024-10-31 12:04:29,3845.20393,7.180,19.5,0.00,19.5
2024-10-31 12:04:39,3855.22615,7.181,19.5,0.00,19.5
2024-10-31 12:04:48,3864.10677,7.183,19.5,0.00,19.5
2024-10-31 12:04:59,3875.23514,7.186,19.5,0.00,19.5
2024-10-31 12:05:09,3885.23529,7.190,19.5,0.00,19.5
2024-10-31 12:05:19,3895.32011,7.192,19.5,0.00,19.5
2024-10-31 12:05:29,3905.25277,7.189,19.5,0.00,19.5
2024-10-31 12:05:39,3915.25916,7.188,19.5,0.00,19.5
2024-10-31 12:05:49,3925.27694,7.185,19.5,0.00,19.5
2024-10-31 12:05:58,3934.15792,7.184,19.5,0.00,19.5
2024-10-31 12:06:09,3945.28153,7.183,19.5,0.00,19.5
2024-10-31 12:06:19,3955.28012,7.185,19.5,0.00,19.5
2024-10-31 12:06:29,3965.30118,7.191,19.5,0.00,19.5
2024-10-31 12:06:39,3975.31352,7.196,19.5,0.00,19.5
2024-10-31 12:06:49,3985.32339,7.201,19.5,0.00,19.5
2024-10-31 12:06:59,3995.32815,7.203,19.5,0.00,19.5
2024-10-31 12:07:19,4015.34525,7.210,19.5,0.00,19.5
2024-10-31 12:07:29,4025.60233,7.212,19.5,0.00,19.5
2024-10-31 12:07:49,4045.36844,7.213,19.5,0.00,19.5
2024-10-31 12:08:09,4065.44857,7.214,19.5,0.00,19.5
2024-10-31 12:08:19,4075.38576,7.216,19.5,0.00,19.5
2024-10-31 12:08:39,4095.48512,7.221,19.5,0.00,19.5
2024-10-31 12:08:49,4105.41351,7.220,19.5,0.00,19.5
2024-10-31 12:08:59,4115.41112,7.220,19.5,0.00,19.5
2024-10-31 12:09:09,4125.41825,7.221,19.5,0.00,19.5
2024-10-31 12:09:19,4135.41821,7.221,19.5,0.00,19.5
2024-10-31 12:09:29,4145.41709,7.218,19.5,0.00,19.5
2024-10-31 12:09:38,4154.31174,7.216,19.5,0.00,19.5
2024-10-31 12:09:49,4165.43597,7.214,19.5,0.00,19.5
2024-10-31 12:09:59,4175.53761,7.214,19.5,0.00,19.5
2024-10-31 12:10:09,4185.46062,7.214,19.5,0.00,19.5
2024-10-31 12:10:19,4195.47067,7.215,19.5,0.00,19.5
2024-10-31 12:10:29,4205.48799,7.219,19.5,0.00,19.5
2024-10-31 12:10:39,4215.4933,7.218,19.5,0.00,19.5
2024-10-31 12:10:49,4225.50247,7.216,19.5,0.00,19.5
2024-10-31 12:10:59,4235.51444,7.214,19.5,0.00,19.5
2024-10-31 12:11:09,4245.51721,7.211,19.5,0.00,19.5
2024-10-31 12:11:19,4255.52034,7.211,19.5,0.00,19.5
2024-10-31 12:11:29,4265.53885,7.218,19.5,0.00,19.5
2024-10-31 12:11:39,4275.54428,7.218,19.5,0.00,19.5
2024-10-31 12:11:49,4285.86422,7.218,19.5,0.00,19.5
2024-10-31 12:11:59,4295.55646,7.221,19.5,0.00,19.5
2024-10-31 12:12:09,4305.56353,7.224,19.5,0.00,19.5
2024-10-31 12:12:19,4315.57867,7.223,19.5,0.00,19.5
2024-10-31 12:12:29,4325.57861,7.224,19.5,0.00,19.5
2024-10-31 12:12:39,4335.59403,7.225,19.5,0.00,19.5
2024-10-31 12:12:49,4345.60027,7.226,19.5,0.00,19.5
2024-10-31 12:12:59,4355.65101,7.232,19.5,0.00,19.5
2024-10-31 12:13:09,4365.63877,7.238,19.5,0.00,19.5
2024-10-31 12:13:19,4375.64539,7.236,19.5,0.00,19.5
2024-10-31 12:13:29,4385.6483,7.234,19.5,0.00,19.5
2024-10-31 12:13:39,4395.66239,7.237,19.5,0.00,19.5
2024-10-31 12:13:49,4405.66605,7.241,19.5,0.00,19.5
2024-10-31 12:13:59,4415.72603,7.236,19.5,0.00,19.5
2024-10-31 12:14:09,4425.68172,7.230,19.5,0.00,19.5
2024-10-31 12:14:19,4435.67601,7.228,19.5,0.00,19.5
2024-10-31 12:14:29,4445.69366,7.224,19.5,0.00,19.5
2024-10-31 12:14:49,4465.69103,7.221,19.5,0.00,19.5
2024-10-31 12:14:59,4475.69955,7.222,19.5,0.00,19.5
2024-10-31 12:15:09,4485.70702,7.225,19.5,0.00,19.5
2024-10-31 12:15:18,4494.59572,7.229,19.5,0.00,19.5
2024-10-31 12:15:29,4505.70959,7.233,19.5,0.00,19.5
2024-10-31 12:15:39,4515.73246,7.234,19.5,0.00,19.5
2024-10-31 12:15:49,4525.74845,7.234,19.5,0.00,19.5
2024-10-31 12:15:59,4535.74335,7.234,19.5,0.00,19.5
2024-10-31 12:16:09,4545.7624,7.235,19.5,0.00,19.5
2024-10-31 12:16:19,4555.7613,7.236,19.5,0.00,19.5
2024-10-31 12:16:29,4565.77022,7.238,19.5,0.00,19.5
2024-10-31 12:16:39,4575.78139,7.239,19.5,0.00,19.5
2024-10-31 12:16:49,4585.79221,7.240,19.5,0.00,19.5
2024-10-31 12:16:59,4595.79112,7.240,19.5,0.00,19.5
2024-10-31 12:17:09,4605.80312,7.238,19.5,0.00,19.5
2024-10-31 12:17:19,4615.81307,7.234,19.5,0.00,19.5
2024-10-31 12:17:30,4625.99106,7.231,19.5,0.00,19.5
2024-10-31 12:17:39,4635.81766,7.231,19.5,0.00,19.5
2024-10-31 12:17:49,4645.83439,7.231,19.5,0.00,19.5
2024-10-31 12:17:59,4655.82991,7.234,19.5,0.00,19.5
2024-10-31 12:18:09,4665.84415,7.234,19.5,0.00,19.5
2024-10-31 12:18:19,4675.85894,7.234,19.5,0.00,19.5
2024-10-31 12:18:29,4685.85081,7.234,19.5,0.00,19.5
2024-10-31 12:18:49,4705.92292,7.235,19.5,0.00,19.5
2024-10-31 12:19:00,4716.13299,7.236,19.5,0.00,19.5
2024-10-31 12:19:20,4735.96533,7.240,19.5,0.00,19.5
2024-10-31 12:19:29,4745.90485,7.241,19.5,0.00,19.5
2024-10-31 12:19:39,4755.90389,7.238,19.5,0.00,19.5
2024-10-31 12:19:49,4765.92056,7.235,19.5,0.00,19.5
2024-10-31 12:20:00,4775.92482,7.232,19.5,0.00,19.5
2024-10-31 12:20:10,4785.94148,7.229,19.5,0.00,19.5
2024-10-31 12:20:20,4795.94714,7.227,19.5,0.00,19.5
2024-10-31 12:20:30,4806.24043,7.226,19.5,0.00,19.5
2024-10-31 12:20:40,4815.95695,7.224,19.5,0.00,19.5
2024-10-31 12:20:50,4825.9638,7.221,19.5,0.00,19.5
2024-10-31 12:21:00,4835.97337,7.222,19.5,0.00,19.5
2024-10-31 12:21:20,4855.98455,7.226,19.5,0.00,19.5
2024-10-31 12:21:30,4865.99123,7.229,19.5,0.00,19.5
2024-10-31 12:21:40,4875.99622,7.233,19.5,0.00,19.5
2024-10-31 12:21:48,4884.8751,7.234,19.5,0.00,19.5
2024-10-31 12:22:00,4896.00091,7.234,19.5,0.00,19.5
2024-10-31 12:22:10,4906.00919,7.234,19.5,0.00,19.5
2024-10-31 12:22:20,4916.01807,7.234,19.5,0.00,19.5
2024-10-31 12:22:30,4926.00903,7.235,19.5,0.00,19.5
2024-10-31 12:22:40,4936.02963,7.237,19.5,0.00,19.5
2024-10-31 12:22:50,4946.03398,7.238,19.5,0.00,19.5
2024-10-31 12:23:00,4956.07008,7.237,19.5,0.00,19.5
2024-10-31 12:23:10,4966.05891,7.235,19.5,0.00,19.5
2024-10-31 12:23:20,4976.06657,7.235,19.5,0.00,19.5
2024-10-31 12:23:29,4984.95995,7.236,19.5,0.00,19.5
2024-10-31 12:23:40,4996.08416,7.238,19.5,0.00,19.5
2024-10-31 12:23:50,5006.08061,7.239,19.5,0.00,19.5
2024-10-31 12:24:00,5016.11076,7.242,19.5,0.00,19.5
2024-10-31 12:24:10,5026.11302,7.242,19.5,0.00,19.5
2024-10-31 12:24:30,5046.1263,7.245,19.5,0.00,19.5
2024-10-31 12:24:40,5056.13711,7.242,19.5,0.00,19.5
2024-10-31 12:24:50,5066.14725,7.240,19.5,0.00,19.5
2024-10-31 12:25:00,5076.1439,7.240,19.5,0.00,19.5
2024-10-31 12:25:20,5096.15601,7.259,19.5,0.00,19.5
2024-10-31 12:25:30,5106.40951,7.265,19.5,0.00,19.5
2024-10-31 12:25:50,5126.16044,7.260,19.5,0.00,19.5
2024-10-31 12:26:00,5136.18269,7.256,19.5,0.00,19.5
2024-10-31 12:26:09,5145.07597,7.253,19.5,0.00,19.5
2024-10-31 12:26:20,5156.20263,7.253,19.5,0.00,19.5
2024-10-31 12:26:30,5166.28267,7.254,19.5,0.00,19.5
2024-10-31 12:26:40,5176.21353,7.261,19.5,0.00,19.5
2024-10-31 12:26:50,5186.22826,7.270,19.5,0.00,19.5
2024-10-31 12:27:00,5196.23249,7.271,19.5,0.00,19.5
2024-10-31 12:27:10,5206.24021,7.272,19.5,0.00,19.5
2024-10-31 12:27:20,5216.24915,7.272,19.5,0.00,19.5
2024-10-31 12:27:30,5226.27013,7.267,19.5,0.00,19.5
2024-10-31 12:27:40,5236.2712,7.261,19.5,0.00,19.5
2024-10-31 12:27:50,5246.3651,7.259,19.5,0.00,19.5
2024-10-31 12:28:00,5256.29335,7.260,19.5,0.00,19.5
2024-10-31 12:28:10,5266.29563,7.263,19.5,0.00,19.5
2024-10-31 12:28:20,5276.447,7.266,19.5,0.00,19.5
2024-10-31 12:28:30,5286.31968,7.270,19.5,0.00,19.5
2024-10-31 12:28:40,5296.32446,7.273,19.5,0.00,19.5
2024-10-31 12:28:50,5306.33443,7.272,19.5,0.00,19.5
2024-10-31 12:29:00,5316.33798,7.270,19.5,0.00,19.5
2024-10-31 12:29:10,5326.34937,7.269,19.5,0.00,19.5
2024-10-31 12:29:20,5336.3398,7.269,19.5,0.00,19.5
2024-10-31 12:29:40,5356.36531,7.269,19.5,0.00,19.5
2024-10-31 12:29:50,5366.62898,7.269,19.5,0.00,19.5
2024-10-31 12:30:10,5386.38867,7.273,19.5,0.00,19.5
2024-10-31 12:30:20,5396.39488,7.276,19.5,0.00,19.5
2024-10-31 12:30:30,5406.45495,7.279,19.5,0.00,19.5
2024-10-31 12:30:40,5416.41658,7.279,19.5,0.00,19.5
2024-10-31 12:31:00,5436.43862,7.300,19.5,0.00,19.5
2024-10-31 12:31:10,5446.45188,7.301,19.5,0.00,19.5
2024-10-31 12:31:20,5456.46499,7.308,19.5,0.00,19.5
2024-10-31 12:31:30,5466.46495,7.329,19.5,0.00,19.5
2024-10-31 12:31:40,5476.48529,7.376,19.5,0.00,19.5
2024-10-31 12:31:50,5486.48748,7.376,19.5,0.00,19.5
2024-10-31 12:32:00,5496.49293,7.375,19.5,0.00,19.5
2024-10-31 12:32:10,5506.59163,7.382,19.5,0.00,19.5
2024-10-31 12:32:20,5516.49486,7.390,19.5,0.00,19.5
2024-10-31 12:32:30,5526.51373,7.400,19.5,0.00,19.5
2024-10-31 12:32:40,5536.57736,7.405,19.5,0.00,19.5
2024-10-31 12:32:50,5546.52358,7.411,19.5,0.00,19.5
2024-10-31 12:33:10,5566.60501,7.420,19.5,0.00,19.5
2024-10-31 12:33:20,5576.54718,7.418,19.5,0.00,19.5
2024-10-31 12:33:30,5586.54466,7.418,19.5,0.00,19.5
2024-10-31 12:33:40,5596.55463,7.421,19.5,0.00,19.5
2024-10-31 12:33:50,5606.5645,7.423,19.5,0.00,19.5
2024-10-31 12:34:00,5616.57001,7.424,19.5,0.00,19.5
2024-10-31 12:34:10,5626.73013,7.426,19.5,0.00,19.5
2024-10-31 12:34:20,5636.58978,7.485,19.5,0.00,19.5
2024-10-31 12:34:30,5646.58009,7.465,19.5,0.00,19.5
2024-10-31 12:34:40,5656.59719,7.468,19.5,0.00,19.5
2024-10-31 12:34:50,5666.89115,7.464,19.5,0.00,19.5
2024-10-31 12:35:00,5676.60885,7.460,19.5,0.00,19.5
2024-10-31 12:35:10,5686.61467,7.466,19.5,0.00,19.5
2024-10-31 12:35:20,5696.62466,7.473,19.5,0.00,19.5
2024-10-31 12:35:30,5706.62331,7.471,19.5,0.00,19.5
2024-10-31 12:35:40,5716.63874,7.476,19.5,0.00,19.5
2024-10-31 12:35:50,5726.6567,7.481,19.5,0.00,19.5
2024-10-31 12:36:00,5736.6577,7.485,19.5,0.00,19.5
2024-10-31 12:36:10,5746.66169,7.489,19.5,0.00,19.5
2024-10-31 12:36:20,5756.68092,7.495,19.5,0.00,19.5
2024-10-31 12:36:30,5766.80096,7.496,19.5,0.00,19.5
2024-10-31 12:36:40,5776.69409,7.498,19.5,0.00,19.5
2024-10-31 12:36:50,5786.70314,7.497,19.5,0.00,19.5
2024-10-31 12:36:59,5795.58559,7.497,19.5,0.00,19.5
2024-10-31 12:37:10,5806.71306,7.497,19.5,0.00,19.5
2024-10-31 12:37:20,5816.71304,7.500,19.5,0.00,19.5
2024-10-31 12:37:30,5826.73234,7.507,19.5,0.00,19.5
2024-10-31 12:37:40,5836.73643,7.512,19.5,0.00,19.5
2024-10-31 12:37:50,5846.73742,7.515,19.5,0.00,19.5
2024-10-31 12:38:00,5856.74739,7.513,19.5,0.00,19.5
2024-10-31 12:38:10,5866.75534,7.513,19.5,0.00,19.5
2024-10-31 12:38:20,5876.76934,7.518,19.5,0.00,19.5
2024-10-31 12:38:30,5886.75727,7.520,19.5,0.00,19.5
2024-10-31 12:38:40,5896.87788,7.516,19.5,0.00,19.5
2024-10-31 12:38:50,5906.78277,7.510,19.5,0.00,19.5
2024-10-31 12:39:00,5916.79622,7.496,19.5,0.00,19.5
2024-10-31 12:39:10,5926.80618,7.497,19.5,0.00,19.5
2024-10-31 12:39:20,5936.79676,7.484,19.5,0.00,19.5
2024-10-31 12:39:30,5946.81612,7.484,19.5,0.00,19.5
2024-10-31 12:39:40,5956.8272,7.488,19.5,0.00,19.5
2024-10-31 12:39:50,5966.82606,7.493,19.5,0.00,19.5
2024-10-31 12:40:00,5976.84814,7.492,19.5,0.00,19.5
2024-10-31 12:40:10,5986.86134,7.491,19.5,0.00,19.5
2024-10-31 12:40:20,5996.86562,7.489,19.5,0.00,19.5
2024-10-31 12:40:30,6006.88024,7.488,19.5,0.00,19.5
2024-10-31 12:40:40,6016.89596,7.489,19.5,0.00,19.5
2024-10-31 12:40:50,6026.90692,7.491,19.5,0.00,19.5
2024-10-31 12:41:00,6036.91126,7.486,19.5,0.00,19.5
2024-10-31 12:41:10,6046.90786,7.485,19.5,0.00,19.5
2024-10-31 12:41:19,6055.81562,7.485,19.5,0.00,19.5
2024-10-31 12:41:31,6066.94241,7.493,19.5,0.00,19.5
2024-10-31 12:41:41,6076.95725,7.504,19.5,0.00,19.5
2024-10-31 12:41:51,6086.95902,7.501,19.5,0.00,19.5
2024-10-31 12:42:01,6096.97075,7.499,19.5,0.00,19.5
2024-10-31 12:42:11,6106.97471,7.502,19.5,0.00,19.5
2024-10-31 12:42:21,6116.9877,7.520,19.5,0.00,19.5
2024-10-31 12:42:31,6126.99113,7.527,19.5,0.00,19.5
2024-10-31 12:42:41,6136.99478,7.523,19.5,0.00,19.5
2024-10-31 12:42:51,6146.98878,7.505,19.5,0.00,19.5
2024-10-31 12:42:59,6155.87861,7.495,19.5,0.00,19.5
2024-10-31 12:43:11,6167.00457,7.497,19.5,0.00,19.5
2024-10-31 12:43:31,6187.01516,7.466,19.5,0.00,19.5
2024-10-31 12:43:41,6197.0198,7.467,19.5,0.00,19.5
2024-10-31 12:43:51,6207.03447,7.473,19.5,0.00,19.5
2024-10-31 12:44:01,6217.11072,7.483,19.5,0.00,19.5
2024-10-31 12:44:11,6227.032,7.474,19.5,0.00,19.5
2024-10-31 12:44:21,6237.05068,7.473,19.5,0.00,19.5
2024-10-31 12:44:31,6247.06293,7.475,19.5,0.00,19.5
2024-10-31 12:44:41,6257.07063,7.475,19.5,0.00,19.5
2024-10-31 12:44:51,6267.07835,7.476,19.5,0.00,19.5
2024-10-31 12:45:00,6275.9675,7.485,19.5,0.00,19.5
2024-10-31 12:45:11,6287.10292,7.477,19.5,0.00,19.5
2024-10-31 12:45:21,6297.13181,7.487,19.5,0.00,19.5
2024-10-31 12:45:31,6307.12527,7.497,19.5,0.00,19.5
2024-10-31 12:45:41,6317.31303,7.496,19.5,0.00,19.5
2024-10-31 12:45:51,6327.1356,7.503,19.5,0.00,19.5
2024-10-31 12:46:01,6337.14819,7.496,19.5,0.00,19.5
2024-10-31 12:46:11,6347.16161,7.506,19.5,0.00,19.5
2024-10-31 12:46:21,6357.16938,7.513,19.5,0.00,19.5
2024-10-31 12:46:31,6367.17713,7.505,19.5,0.00,19.5
2024-10-31 12:46:41,6377.18046,7.509,19.5,0.00,19.5
2024-10-31 12:46:51,6387.19606,7.502,19.5,0.00,19.5
2024-10-31 12:47:01,6397.28875,7.500,19.5,0.00,19.5
2024-10-31 12:47:11,6407.49926,7.503,19.5,0.00,19.5
2024-10-31 12:47:21,6417.24028,7.512,19.5,0.00,19.5
2024-10-31 12:47:31,6427.23949,7.517,19.5,0.00,19.5
2024-10-31 12:47:41,6437.2441,7.517,19.5,0.00,19.5
2024-10-31 12:47:51,6447.24919,7.517,19.5,0.00,19.5
2024-10-31 12:48:01,6457.25691,7.522,19.5,0.00,19.5
2024-10-31 12:48:11,6467.25784,7.516,19.5,0.00,19.5
2024-10-31 12:48:21,6477.28086,7.513,19.5,0.00,19.5
2024-10-31 12:48:31,6487.27129,7.512,19.5,0.00,19.5
2024-10-31 12:48:41,6497.66678,7.510,19.5,0.00,19.5
2024-10-31 12:48:51,6507.29477,7.508,19.5,0.00,19.5
2024-10-31 12:49:01,6517.3012,7.509,19.5,0.00,19.5
2024-10-31 12:49:11,6527.30592,7.509,19.5,0.00,19.5
2024-10-31 12:49:21,6537.30996,7.513,19.5,0.00,19.5
2024-10-31 12:49:31,6547.31784,7.516,19.5,0.00,19.5
2024-10-31 12:49:41,6557.32954,7.523,19.5,0.00,19.5
2024-10-31 12:49:51,6567.3446,7.520,19.5,0.00,19.5
2024-10-31 12:50:00,6576.24418,7.518,19.5,0.00,19.5
2024-10-31 12:50:11,6587.37187,7.517,19.5,0.00,19.5
2024-10-31 12:50:21,6597.38557,7.513,19.5,0.00,19.5
2024-10-31 12:50:31,6607.3811,7.508,19.5,0.00,19.5
2024-10-31 12:50:41,6617.39348,7.505,19.5,0.00,19.5
2024-10-31 12:51:01,6637.4137,7.518,19.5,0.00,19.5
2024-10-31 12:51:11,6647.41646,7.523,19.5,0.00,19.5
2024-10-31 12:51:31,6667.44193,7.530,19.5,0.00,19.5
2024-10-31 12:51:41,6677.45052,7.537,19.5,0.00,19.5
2024-10-31 12:52:01,6697.55211,7.541,19.5,0.00,19.5
2024-10-31 12:52:11,6707.7618,7.540,19.5,0.00,19.5
2024-10-31 12:52:31,6727.50734,7.532,19.5,0.00,19.5
2024-10-31 12:52:41,6737.5085,7.534,19.5,0.00,19.5
2024-10-31 12:53:01,6757.53589,7.528,19.5,0.00,19.5
2024-10-31 12:53:11,6767.5541,7.527,19.5,0.00,19.5
2024-10-31 12:53:21,6777.57512,7.524,19.5,0.00,19.5
2024-10-31 12:53:31,6787.67174,7.522,19.5,0.00,19.5
2024-10-31 12:53:41,6797.89654,7.522,19.5,0.00,19.5
2024-10-31 12:53:51,6807.59683,7.521,19.5,0.00,19.5
2024-10-31 12:54:01,6817.60836,7.520,19.5,0.00,19.5
2024-10-31 12:54:11,6827.61316,7.521,19.5,0.00,19.5
2024-10-31 12:54:21,6837.63057,7.519,19.6,0.00,19.6
2024-10-31 12:54:31,6847.62831,7.517,19.6,0.00,19.6
2024-10-31 12:54:41,6857.65046,7.513,19.6,0.00,19.6
2024-10-31 12:54:51,6867.65596,7.508,19.6,0.00,19.6
2024-10-31 12:55:01,6877.66456,7.507,19.6,0.00,19.6
2024-10-31 12:55:11,6887.68487,7.506,19.6,0.00,19.6
2024-10-31 12:55:21,6897.67899,7.510,19.6,0.00,19.6
2024-10-31 12:55:31,6907.70248,7.518,19.6,0.00,19.6
2024-10-31 12:55:41,6917.70286,7.518,19.6,0.00,19.6
2024-10-31 12:55:51,6927.70813,7.518,19.6,0.00,19.6
2024-10-31 12:56:01,6937.72128,7.518,19.6,0.00,19.6
2024-10-31 12:56:11,6947.72689,7.516,19.6,0.00,19.6
2024-10-31 12:56:21,6957.73963,7.513,19.6,0.00,19.6
2024-10-31 12:56:31,6967.73669,7.512,19.6,0.00,19.6
2024-10-31 12:56:41,6977.76896,7.512,19.6,0.00,19.6
2024-10-31 12:56:51,6987.76265,7.514,19.6,0.00,19.6
2024-10-31 12:57:11,7007.78011,7.517,19.6,0.00,19.6
2024-10-31 12:57:21,7017.78795,7.521,19.6,0.00,19.6
2024-10-31 12:57:31,7027.79675,7.522,19.6,0.00,19.6
2024-10-31 12:57:41,7037.8088,7.524,19.6,0.00,19.6
2024-10-31 12:57:51,7047.81804,7.526,19.6,0.00,19.6
2024-10-31 12:58:01,7057.82414,7.527,19.6,0.00,19.6
2024-10-31 12:58:12,7068.02805,7.528,19.6,0.00,19.6
2024-10-31 12:58:21,7077.84656,7.533,19.6,0.00,19.6
2024-10-31 12:58:31,7087.91549,7.540,19.6,0.00,19.6
2024-10-31 12:58:42,7098.02107,7.542,19.6,0.00,19.6
2024-10-31 12:58:51,7107.86773,7.546,19.6,0.00,19.6
2024-10-31 12:59:01,7117.88217,7.548,19.6,0.00,19.6
2024-10-31 12:59:11,7127.88405,7.548,19.6,0.00,19.6
2024-10-31 12:59:21,7137.90092,7.550,19.6,0.00,19.6
2024-10-31 12:59:31,7147.90952,7.548,19.6,0.00,19.6
2024-10-31 12:59:42,7158.02433,7.544,19.6,0.00,19.6
2024-10-31 12:59:51,7167.91859,7.540,19.6,0.00,19.6
2024-10-31 13:00:02,7177.92469,7.535,19.6,0.00,19.6
2024-10-31 13:00:12,7187.94084,7.532,19.6,0.00,19.6
2024-10-31 13:00:22,7197.94439,7.530,19.6,0.00,19.6
2024-10-31 13:00:32,7207.94807,7.529,19.6,0.00,19.6
2024-10-31 13:00:42,7217.95623,7.528,19.6,0.00,19.6
2024-10-31 13:01:02,7238.00846,7.535,19.6,0.00,19.6
2024-10-31 13:01:12,7247.95891,7.535,19.6,0.00,19.6
2024-10-31 13:01:22,7257.98744,7.535,19.6,0.00,19.6
2024-10-31 13:01:32,7268.00222,7.533,19.6,0.00,19.6
2024-10-31 13:01:42,7278.01683,7.533,19.6,0.00,19.6
2024-10-31 13:01:52,7288.01951,7.533,19.6,0.00,19.6
2024-10-31 13:02:00,7296.90457,7.533,19.6,0.00,19.6
2024-10-31 13:02:12,7308.01981,7.536,19.6,0.00,19.6
2024-10-31 13:02:22,7318.03204,7.546,19.6,0.00,19.6
2024-10-31 13:02:32,7328.03954,7.559,19.6,0.00,19.6
2024-10-31 13:02:42,7338.044,7.576,19.6,0.00,19.6
2024-10-31 13:02:52,7348.05998,7.586,19.6,0.00,19.6
2024-10-31 13:03:02,7358.29666,7.589,19.6,0.00,19.6
2024-10-31 13:03:12,7368.06712,7.590,19.6,0.00,19.6
2024-10-31 13:03:22,7378.07532,7.590,19.6,0.00,19.6
2024-10-31 13:03:32,7388.08945,7.588,19.6,0.00,19.6
2024-10-31 13:03:52,7408.11385,7.590,19.6,0.00,19.6
2024-10-31 13:04:12,7428.12593,7.594,19.6,0.00,19.6
2024-10-31 13:04:22,7438.11549,7.596,19.6,0.00,19.6
2024-10-31 13:04:32,7448.13176,7.597,19.6,0.00,19.6
2024-10-31 13:04:42,7458.30933,7.598,19.6,0.00,19.6
2024-10-31 13:04:52,7468.17013,7.596,19.6,0.00,19.6
2024-10-31 13:05:02,7478.157,7.591,19.6,0.00,19.6
2024-10-31 13:05:12,7488.16593,7.589,19.6,0.00,19.6
2024-10-31 13:05:22,7498.29011,7.588,19.6,0.00,19.6
2024-10-31 13:05:32,7508.17802,7.585,19.6,0.00,19.6
2024-10-31 13:05:42,7518.19325,7.583,19.7,0.00,19.7
2024-10-31 13:05:52,7528.19271,7.580,19.7,0.00,19.7
2024-10-31 13:06:02,7538.19916,7.579,19.7,0.00,19.7
2024-10-31 13:06:12,7548.21258,7.580,19.7,0.00,19.7
2024-10-31 13:06:22,7558.22358,7.581,19.7,0.00,19.7
2024-10-31 13:06:32,7568.23789,7.590,19.7,0.00,19.7
2024-10-31 13:06:42,7578.2525,7.586,19.7,0.00,19.7
2024-10-31 13:06:51,7587.1325,7.582,19.7,0.00,19.7
2024-10-31 13:07:02,7598.2576,7.585,19.7,0.00,19.7
2024-10-31 13:07:12,7608.27155,7.586,19.7,0.00,19.7
2024-10-31 13:07:22,7618.46352,7.588,19.7,0.00,19.7
2024-10-31 13:07:32,7628.26971,7.588,19.7,0.00,19.7
2024-10-31 13:07:42,7638.28546,7.588,19.7,0.00,19.7
2024-10-31 13:07:52,7648.2993,7.588,19.7,0.00,19.7
2024-10-31 13:08:02,7658.3134,7.589,19.7,0.00,19.7
2024-10-31 13:08:12,7668.31759,7.589,19.7,0.00,19.7
2024-10-31 13:08:22,7678.32332,7.590,19.7,0.00,19.7
2024-10-31 13:08:32,7688.34542,7.590,19.7,0.00,19.7
2024-10-31 13:08:42,7698.36663,7.589,19.7,0.00,19.7
2024-10-31 13:08:52,7708.36527,7.588,19.7,0.00,19.7
2024-10-31 13:09:02,7718.37541,7.588,19.7,0.00,19.7
2024-10-31 13:09:12,7728.43853,7.589,19.7,0.00,19.7
2024-10-31 13:09:22,7738.39867,7.590,19.7,0.00,19.7
2024-10-31 13:09:32,7748.40523,7.595,19.7,0.00,19.7
2024-10-31 13:09:41,7757.29231,7.600,19.7,0.00,19.7
2024-10-31 13:09:52,7768.42869,7.605,19.7,0.00,19.7
2024-10-31 13:10:11,7787.3219,7.619,19.7,0.00,19.7
2024-10-31 13:10:22,7798.4731,7.626,19.7,0.00,19.7
2024-10-31 13:10:32,7808.4443,7.630,19.7,0.00,19.7
2024-10-31 13:10:42,7818.44997,7.634,19.7,0.00,19.7
2024-10-31 13:10:52,7828.47208,7.634,19.7,0.00,19.7
2024-10-31 13:11:02,7838.48847,7.636,19.7,0.00,19.7
2024-10-31 13:11:12,7848.49725,7.639,19.7,0.00,19.7
2024-10-31 13:11:22,7858.4974,7.641,19.7,0.00,19.7
2024-10-31 13:11:32,7868.50628,7.642,19.7,0.00,19.7
2024-10-31 13:11:42,7878.50726,7.643,19.7,0.00,19.7
2024-10-31 13:11:52,7888.66951,7.644,19.7,0.00,19.7
2024-10-31 13:12:02,7898.51399,7.643,19.7,0.00,19.7
2024-10-31 13:12:12,7908.51941,7.643,19.7,0.00,19.7
2024-10-31 13:12:22,7918.52549,7.645,19.7,0.00,19.7
2024-10-31 13:12:32,7928.5439,7.644,19.7,0.00,19.7
2024-10-31 13:12:42,7938.55286,7.642,19.7,0.00,19.7
2024-10-31 13:12:52,7948.54944,7.640,19.7,0.00,19.7
2024-10-31 13:13:02,7958.57485,7.639,19.7,0.00,19.7
2024-10-31 13:13:12,7968.57414,7.646,19.7,0.00,19.7
2024-10-31 13:13:22,7978.57677,7.647,19.7,0.00,19.7
2024-10-31 13:13:32,7988.58287,7.644,19.7,0.00,19.7
2024-10-31 13:13:42,7998.59343,7.644,19.7,0.00,19.7
2024-10-31 13:13:52,8008.6062,7.647,19.7,0.00,19.7
2024-10-31 13:14:02,8018.60942,7.650,19.7,0.00,19.7
2024-10-31 13:14:12,8028.60824,7.652,19.7,0.00,19.7
2024-10-31 13:14:22,8038.61167,7.653,19.7,0.00,19.7
2024-10-31 13:14:31,8047.50695,7.653,19.7,0.00,19.7
2024-10-31 13:14:42,8058.63593,7.654,19.7,0.00,19.7
2024-10-31 13:14:52,8068.63794,7.656,19.7,0.00,19.7
2024-10-31 13:15:02,8078.64925,7.657,19.7,0.00,19.7
2024-10-31 13:15:12,8088.64364,7.658,19.7,0.00,19.7
2024-10-31 13:15:22,8098.66919,7.658,19.7,0.00,19.7
2024-10-31 13:15:32,8108.67072,7.661,19.7,0.00,19.7
2024-10-31 13:15:42,8118.67456,7.664,19.7,0.00,19.7
2024-10-31 13:15:52,8128.69295,7.669,19.7,0.00,19.7
2024-10-31 13:16:02,8138.67428,7.674,19.7,0.00,19.7
2024-10-31 13:16:12,8148.69249,7.678,19.7,0.00,19.7
2024-10-31 13:16:22,8158.70565,7.682,19.7,0.00,19.7
2024-10-31 13:16:32,8168.69801,7.683,19.7,0.00,19.7
2024-10-31 13:16:41,8177.60007,7.692,19.7,0.00,19.7
2024-10-31 13:16:52,8188.72669,7.699,19.7,0.00,19.7
2024-10-31 13:17:02,8198.73895,7.701,19.7,0.00,19.7
2024-10-31 13:17:12,8208.7481,7.706,19.7,0.00,19.7
2024-10-31 13:17:22,8218.75339,7.708,19.7,0.00,19.7
2024-10-31 13:17:32,8228.76035,7.712,19.7,0.00,19.7
2024-10-31 13:17:42,8238.75314,7.728,19.7,0.00,19.7
2024-10-31 13:17:52,8248.78032,7.745,19.7,0.00,19.7
2024-10-31 13:18:02,8258.79077,7.753,19.7,0.00,19.7
2024-10-31 13:18:22,8278.80856,7.753,19.7,0.00,19.7
2024-10-31 13:18:32,8288.81419,7.752,19.7,0.00,19.7
2024-10-31 13:18:42,8298.81884,7.750,19.7,0.00,19.7
2024-10-31 13:19:02,8318.83649,7.751,19.7,0.00,19.7
2024-10-31 13:19:12,8328.8379,7.717,19.7,0.00,19.7
2024-10-31 13:19:22,8338.86218,7.720,19.7,0.00,19.7
2024-10-31 13:19:32,8348.87381,7.735,19.7,0.00,19.7
2024-10-31 13:19:42,8358.87315,7.750,19.7,0.00,19.7
2024-10-31 13:19:52,8368.9043,7.766,19.7,0.00,19.7
2024-10-31 13:20:02,8378.9154,7.766,19.7,0.00,19.7
2024-10-31 13:20:12,8388.91537,7.747,19.7,0.00,19.7
2024-10-31 13:20:23,8398.9295,7.708,19.7,0.00,19.7
2024-10-31 13:20:33,8409.08207,7.662,19.7,0.00,19.7
2024-10-31 13:20:43,8418.94631,7.624,19.7,0.00,19.7
2024-10-31 13:20:53,8428.94892,7.604,19.7,0.00,19.7
2024-10-31 13:21:01,8437.82774,7.592,19.7,0.00,19.7
2024-10-31 13:21:13,8448.96627,7.590,19.7,0.00,19.7
2024-10-31 13:21:23,8458.96755,7.595,19.7,0.00,19.7
2024-10-31 13:21:33,8468.96884,7.596,19.7,0.00,19.7
2024-10-31 13:21:43,8478.97472,7.616,19.7,0.00,19.7
2024-10-31 13:21:53,8488.98952,7.626,19.7,0.00,19.7
2024-10-31 13:22:03,8498.99365,7.649,19.7,0.00,19.7
2024-10-31 13:22:13,8509.00456,7.653,19.7,0.00,19.7
2024-10-31 13:22:23,8519.00905,7.645,19.7,0.00,19.7
2024-10-31 13:22:33,8529.01385,7.638,19.7,0.00,19.7
2024-10-31 13:22:43,8539.01515,7.647,19.7,0.00,19.7
2024-10-31 13:22:53,8549.03201,7.663,19.7,0.00,19.7
2024-10-31 13:23:03,8559.0375,7.672,19.7,0.00,19.7
2024-10-31 13:23:13,8569.03604,7.679,19.7,0.00,19.7
2024-10-31 13:23:23,8579.0374,7.685,19.7,0.00,19.7
2024-10-31 13:23:33,8589.05176,7.694,19.7,0.00,19.7
2024-10-31 13:23:43,8599.05614,7.702,19.7,0.00,19.7
2024-10-31 13:23:53,8609.28244,7.707,19.7,0.00,19.7
2024-10-31 13:24:03,8619.07287,7.724,19.7,0.00,19.7
2024-10-31 13:24:13,8629.07273,7.745,19.7,0.00,19.7
2024-10-31 13:24:23,8639.08647,7.757,19.7,0.00,19.7
2024-10-31 13:24:32,8647.95268,7.764,19.7,0.00,19.7
2024-10-31 13:24:43,8659.09367,7.773,19.7,0.00,19.7
2024-10-31 13:24:53,8669.0908,7.777,19.7,0.00,19.7
2024-10-31 13:25:03,8679.10264,7.780,19.7,0.00,19.7
2024-10-31 13:25:13,8689.11062,7.785,19.7,0.00,19.7
2024-10-31 13:25:23,8699.1149,7.786,19.7,0.00,19.7
2024-10-31 13:25:33,8709.13259,7.787,19.7,0.00,19.7
2024-10-31 13:25:43,8719.13099,7.786,19.7,0.00,19.7
2024-10-31 13:25:53,8729.13591,7.826,19.7,0.00,19.7
2024-10-31 13:26:02,8738.02053,7.873,19.7,0.00,19.7
2024-10-31 13:26:13,8749.15345,7.901,19.7,0.00,19.7
2024-10-31 13:26:23,8759.21051,7.916,19.7,0.00,19.7
2024-10-31 13:26:33,8769.16737,7.928,19.7,0.00,19.7
2024-10-31 13:26:53,8789.17339,7.952,19.7,0.00,19.7
2024-10-31 13:27:03,8799.19348,7.962,19.7,0.00,19.7
2024-10-31 13:27:13,8809.19826,7.969,19.7,0.00,19.7
2024-10-31 13:27:23,8819.28043,7.974,19.7,0.00,19.7
2024-10-31 13:27:33,8829.21342,7.981,19.7,0.00,19.7
2024-10-31 13:27:43,8839.21826,7.985,19.7,0.00,19.7
2024-10-31 13:27:53,8849.22576,7.984,19.7,0.00,19.7
2024-10-31 13:28:03,8859.23354,7.976,19.7,0.00,19.7
2024-10-31 13:28:13,8869.2525,7.959,19.7,0.00,19.7
2024-10-31 13:28:23,8879.25442,7.950,19.7,0.00,19.7
2024-10-31 13:28:33,8889.2746,7.944,19.7,0.00,19.7
2024-10-31 13:28:43,8899.27458,7.942,19.7,0.00,19.7
2024-10-31 13:28:52,8908.15141,7.941,19.7,0.00,19.7
2024-10-31 13:29:03,8919.28452,7.924,19.7,0.00,19.7
2024-10-31 13:29:13,8929.29683,7.892,19.7,0.00,19.7
2024-10-31 13:29:23,8939.30564,7.873,19.7,0.00,19.7
2024-10-31 13:29:33,8949.31658,7.856,19.7,0.00,19.7
2024-10-31 13:29:43,8959.33346,7.842,19.7,0.00,19.7
2024-10-31 13:30:03,8979.41334,7.819,19.7,0.00,19.7
2024-10-31 13:30:13,8989.37228,7.812,19.7,0.00,19.7
2024-10-31 13:30:23,8999.37114,7.810,19.7,0.00,19.7
2024-10-31 13:30:33,9009.5354,7.797,19.7,0.00,19.7
2024-10-31 13:30:43,9019.39109,7.780,19.7,0.00,19.7
2024-10-31 13:30:53,9029.40124,7.777,19.7,0.00,19.7
2024-10-31 13:31:02,9038.28248,7.775,19.7,0.00,19.7
2024-10-31 13:31:13,9049.41163,7.781,19.7,0.00,19.7
2024-10-31 13:31:23,9059.42871,7.790,19.7,0.00,19.7
2024-10-31 13:31:33,9069.43103,7.804,19.7,0.00,19.7
2024-10-31 13:31:43,9079.43536,7.792,19.7,0.00,19.7
2024-10-31 13:31:53,9089.44654,7.772,19.7,0.00,19.7
2024-10-31 13:32:03,9099.44253,7.749,19.7,0.00,19.7
2024-10-31 13:32:13,9109.46432,7.744,19.7,0.00,19.7
2024-10-31 13:32:23,9119.47079,7.762,19.7,0.00,19.7
2024-10-31 13:32:33,9129.81187,7.780,19.7,0.00,19.7
2024-10-31 13:32:43,9139.52192,7.789,19.7,0.00,19.7
2024-10-31 13:32:53,9149.48191,7.796,19.7,0.00,19.7
2024-10-31 13:33:03,9159.48715,7.798,19.7,0.00,19.7
2024-10-31 13:33:13,9169.49209,7.797,19.7,0.00,19.7
2024-10-31 13:33:23,9179.58985,7.793,19.7,0.00,19.7
2024-10-31 13:33:33,9189.49885,7.790,19.7,0.00,19.7
2024-10-31 13:33:43,9199.51297,7.789,19.7,0.00,19.7
2024-10-31 13:33:53,9209.5251,7.791,19.7,0.00,19.7
2024-10-31 13:34:03,9219.5363,7.794,19.7,0.00,19.7
2024-10-31 13:34:23,9239.59079,7.789,19.7,0.00,19.7
2024-10-31 13:34:33,9249.55287,7.794,19.7,0.00,19.7
2024-10-31 13:34:43,9259.56174,7.802,19.7,0.00,19.7
2024-10-31 13:34:52,9268.4472,7.808,19.7,0.00,19.7
2024-10-31 13:35:03,9279.58083,7.818,19.7,0.00,19.7
2024-10-31 13:35:13,9289.59477,7.829,19.7,0.00,19.7
2024-10-31 13:35:23,9299.82086,7.831,19.7,0.00,19.7
2024-10-31 13:35:33,9309.61071,7.831,19.7,0.00,19.7
2024-10-31 13:35:43,9319.62498,7.832,19.7,0.00,19.7
2024-10-31 13:35:53,9329.63726,7.836,19.7,0.00,19.7
2024-10-31 13:36:03,9339.64289,7.837,19.7,0.00,19.7
2024-10-31 13:36:13,9349.65012,7.837,19.7,0.00,19.7
2024-10-31 13:36:23,9359.66255,7.834,19.7,0.00,19.7
2024-10-31 13:36:33,9369.67074,7.834,19.7,0.00,19.7
2024-10-31 13:36:43,9379.67493,7.840,19.7,0.00,19.7
2024-10-31 13:36:54,9390.03173,7.845,19.7,0.00,19.7
2024-10-31 13:37:03,9399.72611,7.846,19.7,0.00,19.7
2024-10-31 13:37:13,9409.71105,7.842,19.7,0.00,19.7
2024-10-31 13:37:23,9419.71953,7.833,19.7,0.00,19.7
2024-10-31 13:37:33,9429.72301,7.822,19.7,0.00,19.7
2024-10-31 13:37:43,9439.73701,7.815,19.7,0.00,19.7
2024-10-31 13:37:53,9449.73148,7.814,19.7,0.00,19.7
2024-10-31 13:38:03,9459.73844,7.815,19.7,0.00,19.7
2024-10-31 13:38:13,9469.7382,7.813,19.7,0.00,19.7
2024-10-31 13:38:23,9479.74467,7.813,19.7,0.00,19.7
2024-10-31 13:38:33,9489.7594,7.811,19.7,0.00,19.7
2024-10-31 13:38:43,9499.78042,7.811,19.7,0.00,19.7
2024-10-31 13:38:53,9509.7759,7.804,19.7,0.00,19.7
2024-10-31 13:39:13,9529.83226,7.788,19.7,0.00,19.7
2024-10-31 13:39:23,9539.79689,7.771,19.7,0.00,19.7
2024-10-31 13:39:33,9549.80133,7.755,19.7,0.00,19.7
2024-10-31 13:39:43,9559.7972,7.741,19.7,0.00,19.7
2024-10-31 13:39:53,9569.8136,7.729,19.7,0.00,19.7
2024-10-31 13:40:13,9589.88866,7.708,19.7,0.00,19.7
2024-10-31 13:40:23,9599.82227,7.699,19.7,0.00,19.7
2024-10-31 13:40:33,9609.83027,7.708,19.7,0.00,19.7
2024-10-31 13:40:43,9619.84135,7.729,19.7,0.00,19.7
2024-10-31 13:40:53,9629.84466,7.753,19.7,0.00,19.7
2024-10-31 13:41:03,9639.8582,7.782,19.6,0.00,19.6
2024-10-31 13:41:12,9648.7392,7.814,19.6,0.00,19.6
2024-10-31 13:41:23,9659.86821,7.838,19.6,0.00,19.6
2024-10-31 13:41:33,9669.87435,7.859,19.6,0.00,19.6
2024-10-31 13:41:43,9679.88233,7.886,19.6,0.00,19.6
2024-10-31 13:42:04,9699.927,7.916,19.7,0.00,19.7
2024-10-31 13:42:13,9709.90825,7.923,19.7,0.00,19.7
2024-10-31 13:42:23,9719.92209,7.925,19.7,0.00,19.7
2024-10-31 13:42:34,9730.00752,7.927,19.7,0.00,19.7
2024-10-31 13:42:44,9739.94561,7.930,19.7,0.00,19.7
2024-10-31 13:42:54,9749.96004,7.930,19.7,0.00,19.7
2024-10-31 13:43:04,9759.97106,7.931,19.7,0.00,19.7
2024-10-31 13:43:14,9769.96944,7.931,19.7,0.00,19.7
2024-10-31 13:43:24,9779.98207,7.933,19.7,0.00,19.7
2024-10-31 13:43:32,9788.84801,7.937,19.7,0.00,19.7
2024-10-31 13:43:44,9799.9933,7.941,19.7,0.00,19.7
2024-10-31 13:43:54,9810.0091,7.944,19.7,0.00,19.7
2024-10-31 13:44:04,9820.00797,7.948,19.7,0.00,19.7
2024-10-31 13:44:14,9830.10087,7.951,19.7,0.00,19.7
2024-10-31 13:44:24,9840.02493,7.955,19.7,0.00,19.7
2024-10-31 13:44:34,9850.02688,7.959,19.7,0.00,19.7
2024-10-31 13:44:44,9860.05209,7.962,19.7,0.00,19.7
2024-10-31 13:44:54,9870.05991,7.966,19.7,0.00,19.7
2024-10-31 13:45:04,9880.07426,7.970,19.7,0.00,19.7
2024-10-31 13:45:14,9890.17996,7.972,19.7,0.00,19.7
2024-10-31 13:45:24,9900.08154,7.970,19.7,0.00,19.7
2024-10-31 13:45:34,9910.08926,7.970,19.7,0.00,19.7
2024-10-31 13:45:44,9920.09982,7.970,19.7,0.00,19.7
2024-10-31 13:46:04,9940.15191,7.973,19.7,0.00,19.7
2024-10-31 13:46:14,9950.37622,7.974,19.7,0.00,19.7
2024-10-31 13:46:34,9970.19077,7.978,19.7,0.00,19.7
2024-10-31 13:46:44,9980.15302,7.983,19.7,0.00,19.7
2024-10-31 13:46:53,9989.04116,7.989,19.7,0.00,19.7
2024-10-31 13:47:04,10000.16609,7.997,19.7,0.00,19.7
2024-10-31 13:47:14,10010.17492,8.009,19.7,0.00,19.7
2024-10-31 13:47:24,10020.19177,8.018,19.7,0.00,19.7
2024-10-31 13:47:34,10030.203,8.027,19.7,0.00,19.7
2024-10-31 13:47:44,10040.20768,8.039,19.7,0.00,19.7
2024-10-31 13:47:54,10050.22618,8.048,19.7,0.00,19.7
2024-10-31 13:48:04,10060.23194,8.058,19.7,0.00,19.7
2024-10-31 13:48:14,10070.22722,8.068,19.6,0.00,19.6
2024-10-31 13:48:24,10080.25292,8.077,19.6,0.00,19.6
2024-10-31 13:48:34,10090.34307,8.084,19.7,0.00,19.7
2024-10-31 13:48:44,10100.25625,8.097,19.7,0.00,19.7
2024-10-31 13:48:54,10110.25779,8.108,19.7,0.00,19.7
2024-10-31 13:49:03,10119.16061,8.119,19.7,0.00,19.7
2024-10-31 13:49:14,10130.29696,8.129,19.7,0.00,19.7
2024-10-31 13:49:24,10140.3002,8.134,19.6,0.00,19.6
2024-10-31 13:49:34,10150.30283,8.139,19.7,0.00,19.7
2024-10-31 13:49:44,10160.31752,8.141,19.7,0.00,19.7
2024-10-31 13:49:54,10170.31602,8.144,19.6,0.00,19.6
2024-10-31 13:50:04,10180.3305,8.145,19.6,0.00,19.6
2024-10-31 13:50:24,10200.34849,8.146,19.6,0.00,19.6
2024-10-31 13:50:34,10210.36493,8.143,19.6,0.00,19.6
2024-10-31 13:50:54,10230.45921,8.116,19.6,0.00,19.6
2024-10-31 13:51:04,10240.41367,8.100,19.6,0.00,19.6
2024-10-31 13:51:14,10250.41208,8.085,19.6,0.00,19.6
2024-10-31 13:51:24,10260.42627,8.066,19.6,0.00,19.6
2024-10-31 13:51:34,10270.42751,8.051,19.6,0.00,19.6
2024-10-31 13:51:44,10280.46262,8.040,19.7,0.00,19.7
2024-10-31 13:51:54,10290.45438,8.036,19.7,0.00,19.7
2024-10-31 13:52:04,10300.45483,8.036,19.7,0.00,19.7
2024-10-31 13:52:14,10310.45316,8.037,19.7,0.00,19.7
2024-10-31 13:52:24,10320.49612,8.039,19.7,0.00,19.7
2024-10-31 13:52:34,10330.47358,8.114,19.7,0.00,19.7
2024-10-31 13:52:44,10340.47829,8.109,19.7,0.00,19.7
2024-10-31 13:52:54,10350.63169,8.101,19.7,0.00,19.7
2024-10-31 13:53:04,10360.48727,8.094,19.7,0.00,19.7
2024-10-31 13:53:23,10379.36731,8.088,19.7,0.00,19.7
2024-10-31 13:53:34,10390.51381,8.084,19.7,0.00,19.7
2024-10-31 13:53:44,10400.52024,8.084,19.7,0.00,19.7
2024-10-31 13:53:54,10410.52896,8.082,19.7,0.00,19.7
